Noise_Level,Accuracy,Avg_Inference_Time_ms
0.0,100.0,0.2320386745311596
0.3,99.07407407407408,0.26029348373413086
0.5,100.0,0.28302934434678817
0.7,98.14814814814815,0.2601588213885272
1.0,98.14814814814815,0.2973499121489348
